symbol,window,timeframe,pattern,selected_strategy_id,train_score,train_net_pnl,train_max_drawdown,train_trade_count,test_net_pnl,test_max_drawdown,test_win_rate,test_trade_count,test_start,test_end
SR,1,15m,donchian_atr,donchian_atr|both|15m|w3|sw0.006|br0.0015|lb16|sl0.015|mh32|cd4|atr14|am2|ex12|mom48|vol48|th0.4|strict,13599.381099999999,668.817,-330.58600000000115,4,493.916,-371.367000000002,0.6666666666666666,3,2026-04-14 09:30:00,2026-04-24 22:30:00
SR,2,15m,donchian_atr,donchian_atr|both|15m|w3|sw0.006|br0.0015|lb32|sl0.015|mh32|cd4|atr14|am2|ex12|mom48|vol48|th0.4|strict,13624.422174706997,768.698,-301.2250000000022,4,-520.924,-551.8969999999999,0.0,2,2026-04-24 22:45:00,2026-05-13 09:45:00
SR,3,15m,donchian_atr,donchian_atr|both|15m|w3|sw0.006|br0.0015|lb32|sl0.015|mh32|cd4|atr14|am2|ex12|mom48|vol48|th0.4|strict,6894.073770415691,247.774,-757.2959999999985,6,-6.2549999999999955,-265.39899999999943,0.6666666666666666,3,2026-05-13 10:00:00,2026-05-25 23:00:00
SR,4,15m,donchian_atr,donchian_atr|both|15m|w3|sw0.006|br0.0015|lb16|sl0.015|mh32|cd4|atr14|am2|ex12|mom48|vol48|th0.4|strict,6823.641113016526,399.11699999999996,-1334.5669999999973,15,599.281,-225.39199999999983,0.5,2,2026-05-26 09:15:00,2026-06-05 23:00:00
SP,1,30m,donchian_atr,donchian_atr|both|30m|w3|sw0.006|br0.0015|lb32|sl0.015|mh32|cd4|atr14|am3|ex12|mom48|vol48|th0.4|strict,10339.19939058687,304.128,-650.5519999999997,3,1044.384,-1165.3099999999995,0.3333333333333333,3,2026-02-25 10:00:00,2026-03-20 09:30:00
SP,2,30m,donchian_atr,donchian_atr|both|30m|w3|sw0.006|br0.0015|lb32|sl0.015|mh32|cd4|atr14|am3|ex12|mom48|vol48|th0.4|strict,5114.544485363278,988.548,-1391.7099999999982,6,-2325.306,-3305.5779999999986,0.2,5,2026-03-20 10:00:00,2026-04-15 13:45:00
SP,3,30m,donchian_atr,donchian_atr|both|30m|w3|sw0.006|br0.0015|lb16|sl0.015|mh32|cd4|atr14|am2|ex12|mom48|vol48|th0.4|strict,2695.988597234573,406.5899999999999,-2145.499999999999,18,-490.5,-1520.6679999999997,0.5,6,2026-04-15 14:15:00,2026-05-13 21:30:00
SP,4,30m,quality_tsmom,quality_tsmom|both|30m|w3|sw0.006|br0.002|lb24|sl0.015|mh64|cd4|atr14|am2|ex12|mom24|vol48|th0.8|tq0.3|strict,238.3226286815202,-1113.7120000000004,-2497.0040000000017,22,-309.45199999999994,-1333.9179999999978,0.16666666666666666,6,2026-05-13 22:00:00,2026-06-05 23:00:00
SP,1,15m,tsmom_vol,tsmom_vol|both|15m|w3|sw0.006|br0.002|lb24|sl0.015|mh64|cd4|atr14|am2|ex12|mom48|vol48|th0.8|strict,930.3320337203552,-465.274,-805.4520000000002,5,409.382,-860.5599999999995,0.5,6,2026-04-14 09:30:00,2026-04-24 22:30:00
SP,2,15m,donchian_atr,donchian_atr|both|15m|w3|sw0.006|br0.0015|lb32|sl0.015|mh64|cd4|atr14|am3|ex12|mom48|vol48|th0.4|strict,6062.845621715835,149.65200000000004,-1440.3319999999994,6,-830.15,-880.3780000000006,0.0,2,2026-04-24 22:45:00,2026-05-13 09:45:00
SP,3,15m,tsmom_vol,tsmom_vol|both|15m|w3|sw0.006|br0.002|lb24|sl0.015|mh64|cd4|atr14|am3|ex12|mom48|vol24|th0.4|strict,5704.975119823827,653.7539999999998,-1920.5980000000009,17,455.01199999999994,-719.7780000000002,0.4,5,2026-05-13 10:00:00,2026-05-25 23:00:00
SP,4,15m,tsmom_vol,tsmom_vol|both|15m|w3|sw0.006|br0.002|lb24|sl0.015|mh64|cd4|atr14|am3|ex12|mom48|vol24|th0.4|strict,6448.5328417757455,1503.6099999999997,-1920.5980000000009,23,275.58199999999994,-659.4800000000014,0.4,5,2026-05-26 09:15:00,2026-06-05 23:00:00
SR,1,30m,donchian_atr,donchian_atr|both|30m|w3|sw0.006|br0.0015|lb16|sl0.015|mh32|cd4|atr14|am2|ex12|mom48|vol48|th0.4|strict,9713.799286849717,49.016999999999996,-886.2210000000014,4,798.3129999999999,-441.79299999999967,0.5,4,2026-02-25 10:00:00,2026-03-20 09:30:00
SR,2,30m,donchian_atr,donchian_atr|both|30m|w3|sw0.006|br0.0015|lb32|sl0.015|mh32|cd4|atr14|am2|ex12|mom48|vol48|th0.4|strict,10202.412421649035,1022.8149999999998,-1361.9400000000005,7,439.28200000000004,-365.4480000000003,0.5,2,2026-03-20 10:00:00,2026-04-15 13:45:00
SR,3,30m,vol_breakout,vol_breakout|both|30m|w3|sw0.006|br0.003|lb16|sl0.015|mh32|cd4|atr14|am2|ex16|mom48|vol48|th0.9|strict,12216.489797924296,698.7180000000001,-430.5740000000005,4,-475.461,-495.46100000000024,0.0,1,2026-04-15 14:15:00,2026-05-13 21:30:00
SR,4,30m,vol_breakout,vol_breakout|both|30m|w3|sw0.006|br0.003|lb16|sl0.015|mh32|cd4|atr14|am2|ex16|mom48|vol48|th0.9|strict,8274.705136045604,223.25700000000006,-576.2379999999994,5,714.676,-140.0,1.0,1,2026-05-13 22:00:00,2026-06-05 23:00:00
SP,1,60m,tsmom_vol,tsmom_vol|both|60m|w3|sw0.006|br0.002|lb24|sl0.015|mh64|cd4|atr14|am3|ex12|mom48|vol24|th0.4|strict,8664.984467708578,1284.2780000000002,-3370.2199999999993,3,1646.9660000000001,-1490.9139999999989,0.6666666666666666,6,2025-11-10 11:15:00,2025-12-26 10:00:00
SP,2,60m,tsmom_vol,tsmom_vol|both|60m|w3|sw0.006|br0.002|lb24|sl0.015|mh64|cd4|atr14|am3|ex12|mom48|vol24|th0.4|strict,7224.6435564799785,2405.8100000000004,-3370.2199999999993,10,433.2399999999999,-1641.369999999999,0.6,5,2025-12-26 11:15:00,2026-02-24 22:00:00
SP,3,60m,tsmom_vol,tsmom_vol|both|60m|w3|sw0.006|br0.002|lb24|sl0.015|mh64|cd4|atr14|am3|ex12|mom48|vol24|th0.8|strict,8594.13589284688,2040.756,-3370.2199999999993,11,-360.31999999999994,-2590.663999999998,0.5,4,2026-02-24 23:00:00,2026-04-15 10:00:00
SP,4,60m,tsmom_vol,tsmom_vol|both|60m|w3|sw0.006|br0.002|lb24|sl0.015|mh64|cd4|atr14|am3|ex12|mom48|vol24|th0.8|strict,7419.205932798978,1680.4359999999997,-3370.2199999999993,15,-185.0659999999998,-2205.4539999999997,0.4,5,2026-04-15 11:15:00,2026-06-05 23:00:00
SR,1,60m,donchian_atr,donchian_atr|both|60m|w3|sw0.006|br0.003|lb16|sl0.015|mh32|cd4|atr14|am3|ex12|mom48|vol48|th0.4|strict,1946.49791568872,-321.77599999999995,-957.2290000000003,4,2378.967,-650.7060000000001,1.0,4,2025-11-10 11:15:00,2025-12-26 10:00:00
SR,2,60m,donchian_atr,donchian_atr|both|60m|w3|sw0.006|br0.003|lb32|sl0.015|mh64|cd4|atr14|am3|ex12|mom48|vol48|th0.4|strict,12436.030600000002,2743.3320000000003,-650.7059999999992,5,-260.416,-845.6670000000013,0.0,2,2025-12-26 11:15:00,2026-02-24 22:00:00
SR,3,60m,donchian_atr,donchian_atr|both|60m|w3|sw0.006|br0.003|lb32|sl0.015|mh64|cd4|atr14|am3|ex12|mom48|vol48|th0.4|strict,8550.465811191465,2022.9620000000002,-856.0960000000014,7,-1076.15,-1557.079999999999,0.3333333333333333,3,2026-02-24 23:00:00,2026-04-15 10:00:00
SR,4,60m,donchian_atr,donchian_atr|both|60m|w3|sw0.006|br0.0015|lb32|sl0.015|mh64|cd4|atr14|am3|ex12|mom48|vol48|th0.4|strict,6769.20310704949,2765.3210000000004,-1762.3790000000026,14,-46.166,-700.8389999999999,0.3333333333333333,3,2026-04-15 11:15:00,2026-06-05 23:00:00
CJ,1,15m,quality_tsmom,quality_tsmom|both|15m|w3|sw0.006|br0.002|lb24|sl0.015|mh64|cd4|atr14|am3|ex12|mom24|vol48|th0.4|tq0.3|strict,4247.121480232648,-368.145,-1752.21,4,-621.9275,-892.6925000000001,0.2,5,2026-03-17 11:00:00,2026-04-03 15:00:00
CJ,2,15m,donchian_atr,donchian_atr|both|15m|w3|sw0.006|br0.0015|lb16|sl0.015|mh64|cd4|atr14|am3|ex12|mom48|vol48|th0.4|strict,9616.763921917478,848.51,-925.0,6,157.035,-617.8924999999981,0.5,4,2026-04-07 09:15:00,2026-04-24 11:30:00
CJ,3,15m,donchian_atr,donchian_atr|both|15m|w3|sw0.006|br0.0015|lb16|sl0.015|mh64|cd4|atr14|am3|ex12|mom48|vol48|th0.4|strict,3663.2786013843493,-148.85749999999993,-2751.727499999999,11,-243.44750000000005,-1002.7824999999993,0.25,4,2026-04-24 13:45:00,2026-05-19 09:45:00
CJ,4,15m,donchian_atr,donchian_atr|both|15m|w3|sw0.006|br0.0015|lb16|sl0.015|mh64|cd4|atr14|am3|ex12|mom48|vol48|th0.4|strict,353.4562879960449,-817.3474999999999,-3597.739999999996,15,1722.475,-1168.625,0.5,6,2026-05-19 10:00:00,2026-06-05 15:00:00
CJ,1,60m,quality_tsmom,quality_tsmom|both|60m|w3|sw0.006|br0.002|lb24|sl0.015|mh64|cd4|atr14|am3|ex12|mom24|vol48|th0.4|tq0.3|strict,15613.158500000001,6160.1224999999995,-4685.447499999998,3,-4227.6025,-5713.492499999999,0.2,5,2025-07-30 11:15:00,2025-10-17 10:00:00
CJ,2,60m,tsmom_vol,tsmom_vol|both|60m|w3|sw0.006|br0.002|lb24|sl0.015|mh64|cd4|atr14|am3|ex12|mom48|vol24|th0.8|strict,16103.28275,13297.7075,-3856.1900000000023,10,831.7624999999998,-2647.454999999998,0.5,4,2025-10-17 11:15:00,2025-12-29 10:00:00
CJ,3,60m,tsmom_vol,tsmom_vol|both|60m|w3|sw0.006|br0.002|lb24|sl0.015|mh64|cd4|atr14|am3|ex12|mom48|vol24|th0.8|strict,13792.487035714285,11954.6875,-3856.1900000000023,14,-2367.8425,-3426.8500000000004,0.0,4,2025-12-29 11:15:00,2026-03-20 10:00:00
CJ,4,60m,tsmom_vol,tsmom_vol|both|60m|w3|sw0.006|br0.002|lb24|sl0.015|mh64|cd4|atr14|am2|ex12|mom24|vol24|th0.4|strict,8454.244620324811,13219.185000000001,-5997.912499999995,47,1258.9875,-3229.6225000000004,0.4444444444444444,9,2026-03-20 11:15:00,2026-06-05 15:00:00
CJ,1,30m,tsmom_vol,tsmom_vol|both|30m|w3|sw0.006|br0.002|lb24|sl0.015|mh64|cd4|atr14|am3|ex12|mom24|vol48|th0.8|strict,5763.272133363903,-527.1949999999997,-2222.9924999999994,6,561.6424999999999,-1413.6924999999992,0.6666666666666666,3,2025-12-29 14:15:00,2026-02-05 09:30:00
CJ,2,30m,vol_breakout,vol_breakout|both|30m|w3|sw0.006|br0.0015|lb16|sl0.015|mh32|cd4|atr14|am2|ex16|mom48|vol48|th0.9|strict,3673.4013096928547,-272.20499999999987,-1567.9050000000007,5,270.5525,-204.44750000000022,1.0,1,2026-02-05 10:00:00,2026-03-20 13:45:00
CJ,3,30m,vol_breakout,vol_breakout|both|30m|w3|sw0.006|br0.0015|lb16|sl0.015|mh32|cd4|atr14|am2|ex16|mom48|vol48|th0.9|strict,6867.781411666077,193.98750000000013,-1567.9050000000007,7,716.3,-463.27000000000044,0.5,2,2026-03-20 14:15:00,2026-04-28 09:30:00
CJ,4,30m,vol_breakout,vol_breakout|both|30m|w3|sw0.006|br0.0015|lb16|sl0.015|mh32|cd4|atr14|am2|ex16|mom48|vol48|th0.9|strict,7292.767462556993,910.2875000000001,-1567.9050000000007,9,-179.495,-479.4950000000008,0.0,1,2026-04-28 10:00:00,2026-06-05 15:00:00
UR,1,60m,donchian_atr,donchian_atr|both|60m|w3|sw0.006|br0.003|lb32|sl0.015|mh32|cd4|atr14|am2|ex12|mom48|vol48|th0.4|strict,10536.636659149153,969.56,-946.851999999999,3,386.52000000000004,-869.9799999999996,0.5,4,2025-07-30 11:15:00,2025-10-17 10:00:00
UR,2,60m,tsmom_vol,tsmom_vol|both|60m|w3|sw0.006|br0.002|lb24|sl0.015|mh64|cd4|atr14|am2|ex12|mom48|vol24|th0.8|strict,10261.044770540528,1945.682,-1711.503999999999,10,-716.6740000000001,-1643.1420000000007,0.2,5,2025-10-17 11:15:00,2025-12-29 10:00:00
UR,3,60m,vol_breakout,vol_breakout|both|60m|w3|sw0.006|br0.003|lb16|sl0.015|mh32|cd4|atr14|am2|ex16|mom48|vol48|th0.9|strict,6376.462044778042,572.5039999999999,-1581.242000000001,8,-383.646,-407.2560000000003,0.0,1,2025-12-29 11:15:00,2026-03-20 10:00:00
UR,4,60m,tsmom_vol,tsmom_vol|both|60m|w3|sw0.006|br0.002|lb24|sl0.015|mh64|cd4|atr14|am2|ex12|mom48|vol24|th0.8|strict,5489.688073048258,1704.614,-2527.9640000000018,22,1209.87,-1323.7759999999998,0.5,8,2026-03-20 11:15:00,2026-06-05 15:00:00
SP,1,1d,vol_breakout,vol_breakout|both|1d|w3|sw0.006|br0.0015|lb16|sl0.015|mh32|cd4|atr14|am2|ex16|mom48|vol48|th0.9|strict,19731.118,8086.236,-1180.0,3,6009.8859999999995,-1640.0,0.5,2,2020-06-01 00:00:00,2021-11-26 00:00:00
SP,2,1d,vol_breakout,vol_breakout|both|1d|w3|sw0.006|br0.003|lb16|sl0.015|mh64|cd4|atr14|am2|ex16|mom48|vol48|th0.9|strict,21872.590600000003,26434.656,-3327.485999999999,5,0.0,0.0,0.0,0,2021-11-29 00:00:00,2023-05-30 00:00:00
SP,3,1d,vol_breakout,vol_breakout|both|1d|w3|sw0.006|br0.003|lb16|sl0.015|mh64|cd4|atr14|am2|ex16|mom48|vol48|th0.9|strict,21872.590600000003,26434.656,-3327.485999999999,5,-891.9459999999999,-1857.8760000000002,0.5,2,2023-05-31 00:00:00,2024-11-28 00:00:00
SP,4,1d,vol_breakout,vol_breakout|both|1d|w3|sw0.006|br0.003|lb16|sl0.015|mh64|cd4|atr14|am2|ex16|mom48|vol48|th0.9|strict,21062.331885714288,25542.71,-3327.485999999999,7,4454.274,-2660.5919999999987,0.4,5,2024-11-29 00:00:00,2026-06-05 00:00:00
UR,1,1d,quality_tsmom,quality_tsmom|both|1d|w3|sw0.006|br0.002|lb24|sl0.015|mh64|cd4|atr14|am3|ex12|mom24|vol24|th0.4|tq0.3|strict,12651.88,2786.7599999999998,-2560.0,4,0.0,0.0,0.0,0,2020-12-18 00:00:00,2022-04-29 00:00:00
UR,2,1d,quality_tsmom,quality_tsmom|both|1d|w3|sw0.006|br0.002|lb24|sl0.015|mh64|cd4|atr14|am3|ex12|mom24|vol24|th0.4|tq0.3|strict,12651.88,2786.7599999999998,-2560.0,4,0.0,0.0,0.0,0,2022-05-05 00:00:00,2023-09-05 00:00:00
UR,3,1d,quality_tsmom,quality_tsmom|both|1d|w3|sw0.006|br0.002|lb24|sl0.015|mh64|cd4|atr14|am3|ex12|mom24|vol24|th0.4|tq0.3|strict,12651.88,2786.7599999999998,-2560.0,4,-187.152,-1787.116,0.5,2,2023-09-06 00:00:00,2025-01-16 00:00:00
UR,4,1d,quality_tsmom,quality_tsmom|both|1d|w3|sw0.006|br0.002|lb24|sl0.015|mh64|cd4|atr14|am3|ex12|mom24|vol24|th0.4|tq0.3|strict,11495.804,2599.6079999999997,-2560.0,6,269.8280000000001,-2009.9120000000003,0.3333333333333333,3,2025-01-17 00:00:00,2026-06-05 00:00:00
CJ,1,1d,tsmom_vol,tsmom_vol|both|1d|w3|sw0.006|br0.002|lb24|sl0.015|mh64|cd4|atr14|am2|ex12|mom24|vol48|th0.8|strict,15752.559999999998,6975.12,-2150.0,5,-1429.365,-1625.0,0.0,1,2020-09-25 00:00:00,2022-03-01 00:00:00
CJ,2,1d,tsmom_vol,tsmom_vol|both|1d|w3|sw0.006|br0.002|lb24|sl0.015|mh64|cd4|atr14|am2|ex12|mom24|vol48|th0.8|strict,7728.627314748426,3740.76,-3493.5,7,-1446.0575,-6110.462500000001,0.25,4,2022-03-02 00:00:00,2023-07-27 00:00:00
CJ,3,1d,tsmom_vol,tsmom_vol|both|1d|w3|sw0.006|br0.002|lb24|sl0.015|mh64|cd4|atr14|am3|ex12|mom48|vol24|th0.4|strict,6117.555552095582,2229.9975,-3425.0,4,0.0,0.0,0.0,0,2023-07-28 00:00:00,2024-12-25 00:00:00
CJ,4,1d,tsmom_vol,tsmom_vol|both|1d|w3|sw0.006|br0.002|lb24|sl0.015|mh64|cd4|atr14|am3|ex12|mom48|vol24|th0.4|strict,6117.555552095582,2229.9975,-3425.0,4,-2609.295,-2713.84,0.0,2,2024-12-26 00:00:00,2026-06-05 00:00:00
UR,1,15m,quality_tsmom,quality_tsmom|both|15m|w3|sw0.006|br0.002|lb24|sl0.015|mh64|cd4|atr14|am2|ex12|mom24|vol48|th0.4|tq0.2|strict,6449.129359260156,1166.2060000000004,-1250.1859999999979,9,-609.9159999999999,-1349.9899999999998,0.5,8,2026-03-17 11:00:00,2026-04-03 15:00:00
UR,2,15m,vol_breakout,vol_breakout|both|15m|w3|sw0.006|br0.003|lb16|sl0.015|mh32|cd4|atr14|am3|ex16|mom48|vol48|th0.75|strict,9091.89877514294,128.84199999999998,-680.0,3,0.0,0.0,0.0,0,2026-04-07 09:15:00,2026-04-24 11:30:00
UR,3,15m,vol_breakout,vol_breakout|both|15m|w3|sw0.006|br0.003|lb16|sl0.015|mh32|cd4|atr14|am3|ex16|mom48|vol48|th0.75|strict,9091.89877514294,128.84199999999998,-680.0,3,0.0,0.0,0.0,0,2026-04-24 13:45:00,2026-05-19 09:45:00
UR,4,15m,vol_breakout,vol_breakout|both|15m|w3|sw0.006|br0.0015|lb16|sl0.015|mh64|cd4|atr14|am3|ex16|mom48|vol48|th0.75|strict,10072.44595008188,2153.566,-1090.0299999999997,7,0.0,0.0,0.0,0,2026-05-19 10:00:00,2026-06-05 15:00:00
UR,1,30m,donchian_atr,donchian_atr|both|30m|w3|sw0.006|br0.003|lb16|sl0.015|mh32|cd4|atr14|am3|ex12|mom48|vol48|th0.4|strict,16531.2126,906.46,-746.6859999999997,4,-1597.8680000000002,-2112.1659999999993,0.2,5,2025-12-29 14:15:00,2026-02-05 09:30:00
UR,2,30m,vol_breakout,vol_breakout|both|30m|w3|sw0.006|br0.0015|lb16|sl0.015|mh64|cd4|atr14|am3|ex16|mom48|vol48|th0.9|strict,8320.955531185402,1025.8860000000002,-750.6980000000003,4,-851.104,-922.1299999999992,0.0,3,2026-02-05 10:00:00,2026-03-20 13:45:00
UR,3,30m,tsmom_vol,tsmom_vol|both|30m|w3|sw0.006|br0.002|lb24|sl0.015|mh64|cd4|atr14|am3|ex12|mom24|vol24|th0.4|strict,5571.961073163654,1190.886,-1951.6080000000002,25,333.15199999999976,-1877.376000000001,0.14285714285714285,7,2026-03-20 14:15:00,2026-04-28 09:30:00
UR,4,30m,vol_breakout,vol_breakout|both|30m|w3|sw0.006|br0.0015|lb16|sl0.015|mh64|cd4|atr14|am3|ex16|mom48|vol48|th0.75|strict,14118.295,4568.59,-740.0,3,0.0,0.0,0.0,0,2026-04-28 10:00:00,2026-06-05 15:00:00
FG,1,60m,tsmom_vol,tsmom_vol|both|60m|w3|sw0.006|br0.002|lb24|sl0.015|mh64|cd4|atr14|am3|ex12|mom48|vol24|th0.4|strict,7117.573014989828,530.972,-1068.8880000000008,4,-3654.34,-4224.713999999997,0.0,7,2025-11-10 11:15:00,2025-12-26 10:00:00
FG,2,60m,vol_breakout,vol_breakout|both|60m|w3|sw0.006|br0.0015|lb16|sl0.015|mh32|cd4|atr14|am3|ex16|mom48|vol48|th0.9|strict,12430.562643863732,1351.662,-846.152,4,-62.117999999999995,-402.1180000000004,0.0,1,2025-12-26 11:15:00,2026-02-24 22:00:00
FG,3,60m,vol_breakout,vol_breakout|both|60m|w3|sw0.006|br0.0015|lb16|sl0.015|mh32|cd4|atr14|am3|ex16|mom48|vol48|th0.9|strict,10085.976761408197,1289.544,-930.384,5,515.884,-824.1859999999997,0.5,2,2026-02-24 23:00:00,2026-04-15 10:00:00
FG,4,60m,vol_breakout,vol_breakout|both|60m|w3|sw0.006|br0.0015|lb16|sl0.015|mh32|cd4|atr14|am3|ex16|mom48|vol48|th0.9|strict,9332.373880019444,1705.4180000000001,-1396.7360000000008,7,-242.068,-502.0679999999993,0.0,1,2026-04-15 11:15:00,2026-06-05 23:00:00
FG,1,30m,donchian_atr,donchian_atr|both|30m|w3|sw0.006|br0.003|lb16|sl0.015|mh32|cd4|atr14|am2|ex12|mom48|vol48|th0.4|strict,5177.0779293777305,-348.54999999999995,-770.866,4,889.0600000000001,-773.2859999999982,0.4,5,2026-02-25 10:00:00,2026-03-20 09:30:00
FG,2,30m,vol_breakout,vol_breakout|both|30m|w3|sw0.006|br0.0015|lb16|sl0.015|mh32|cd4|atr14|am3|ex16|mom48|vol48|th0.75|strict,10579.075673150466,473.488,-580.0,3,0.0,0.0,0.0,0,2026-03-20 10:00:00,2026-04-15 13:45:00
FG,3,30m,vol_breakout,vol_breakout|both|30m|w3|sw0.006|br0.0015|lb16|sl0.015|mh32|cd4|atr14|am3|ex16|mom48|vol48|th0.75|strict,9666.061220044438,233.464,-580.0,3,0.0,0.0,0.0,0,2026-04-15 14:15:00,2026-05-13 21:30:00
FG,4,30m,vol_breakout,vol_breakout|both|30m|w3|sw0.006|br0.0015|lb16|sl0.015|mh32|cd4|atr14|am3|ex16|mom48|vol48|th0.75|strict,9666.061220044438,233.464,-580.0,3,0.0,0.0,0.0,0,2026-05-13 22:00:00,2026-06-05 23:00:00
FG,1,15m,tsmom_vol,tsmom_vol|both|15m|w3|sw0.006|br0.002|lb24|sl0.015|mh64|cd4|atr14|am3|ex12|mom24|vol24|th0.4|strict,3433.2449618548303,-277.65200000000004,-593.5359999999991,9,1444.9379999999999,-825.8279999999995,0.5714285714285714,7,2026-04-14 09:30:00,2026-04-24 22:30:00
FG,2,15m,tsmom_vol,tsmom_vol|both|15m|w3|sw0.006|br0.002|lb24|sl0.015|mh64|cd4|atr14|am3|ex12|mom24|vol48|th0.4|strict,7161.597556069758,1069.7419999999997,-1054.9659999999985,15,-1194.82,-1527.5100000000002,0.14285714285714285,7,2026-04-24 22:45:00,2026-05-13 09:45:00
FG,3,15m,tsmom_vol,tsmom_vol|both|15m|w3|sw0.006|br0.002|lb24|sl0.015|mh64|cd4|atr14|am3|ex12|mom48|vol24|th0.4|strict,5430.045986764599,1438.6260000000004,-1203.2780000000002,20,191.75399999999993,-788.210000000001,0.75,4,2026-05-13 10:00:00,2026-05-25 23:00:00
FG,4,15m,tsmom_vol,tsmom_vol|both|15m|w3|sw0.006|br0.002|lb24|sl0.015|mh64|cd4|atr14|am3|ex12|mom48|vol24|th0.4|strict,6053.954987265145,1568.2440000000004,-1203.2780000000002,25,411.702,-832.5539999999992,0.5,4,2026-05-26 09:15:00,2026-06-05 23:00:00
C,1,60m,donchian_atr,donchian_atr|both|60m|w3|sw0.006|br0.003|lb16|sl0.015|mh32|cd4|atr14|am3|ex12|mom48|vol48|th0.4|strict,7152.264998898374,141.39299999999997,-430.8209999999999,4,683.339,-220.0,0.6666666666666666,3,2025-11-10 11:15:00,2025-12-26 10:00:00
C,2,60m,donchian_atr,donchian_atr|both|60m|w3|sw0.006|br0.003|lb16|sl0.015|mh64|cd4|atr14|am3|ex12|mom48|vol48|th0.4|strict,11743.990017625234,1096.938,-430.8209999999999,6,330.82300000000004,-589.101999999999,0.5,4,2025-12-26 11:15:00,2026-02-24 22:00:00
C,3,60m,donchian_atr,donchian_atr|both|60m|w3|sw0.006|br0.003|lb16|sl0.015|mh64|cd4|atr14|am3|ex12|mom48|vol48|th0.4|strict,11108.957582118013,1555.53,-589.101999999999,11,502.797,-504.762999999999,0.6666666666666666,3,2026-02-24 23:00:00,2026-04-15 10:00:00
C,4,60m,vol_breakout,vol_breakout|both|60m|w3|sw0.006|br0.003|lb16|sl0.015|mh64|cd4|atr14|am3|ex16|mom48|vol48|th0.9|strict,17005.6592,933.197,-234.3770000000004,3,245.29500000000002,-262.33100000000013,1.0,2,2026-04-15 11:15:00,2026-06-05 23:00:00
C,1,30m,quality_tsmom,quality_tsmom|both|30m|w3|sw0.006|br0.002|lb24|sl0.015|mh64|cd4|atr14|am3|ex12|mom24|vol24|th0.4|tq0.2|strict,14617.927099999999,416.2,-239.08100000000195,6,193.266,-623.9350000000031,0.42857142857142855,7,2026-02-25 10:00:00,2026-03-20 09:30:00
C,2,30m,donchian_atr,donchian_atr|both|30m|w3|sw0.006|br0.0015|lb32|sl0.015|mh64|cd4|atr14|am3|ex12|mom48|vol48|th0.4|strict,13593.599400000001,610.594,-304.66399999999885,4,-44.73700000000001,-307.1179999999986,0.5,2,2026-03-20 10:00:00,2026-04-15 13:45:00
C,3,30m,tsmom_vol,tsmom_vol|both|30m|w3|sw0.006|br0.002|lb24|sl0.015|mh64|cd4|atr14|am3|ex12|mom48|vol24|th0.8|strict,14157.9271,1711.866,-289.45100000000093,12,-132.01,-341.599000000002,0.2,5,2026-04-15 14:15:00,2026-05-13 21:30:00
C,4,30m,tsmom_vol,tsmom_vol|both|30m|w3|sw0.006|br0.002|lb24|sl0.015|mh64|cd4|atr14|am3|ex12|mom48|vol24|th0.8|strict,12103.027007410878,1547.468,-341.599000000002,18,-159.281,-631.5689999999995,0.5,4,2026-05-13 22:00:00,2026-06-05 23:00:00
C,1,15m,tsmom_vol,tsmom_vol|both|15m|w3|sw0.006|br0.002|lb24|sl0.015|mh64|cd4|atr14|am2|ex12|mom48|vol48|th0.8|strict,13028.598128046575,205.796,-119.52000000000226,6,117.86599999999999,-207.02000000000226,0.4,5,2026-04-14 09:30:00,2026-04-24 22:30:00
C,2,15m,tsmom_vol,tsmom_vol|both|15m|w3|sw0.006|br0.002|lb24|sl0.015|mh64|cd4|atr14|am2|ex12|mom48|vol48|th0.8|strict,9279.939802178858,311.27,-207.02000000000226,12,83.33099999999999,-182.10200000000077,0.42857142857142855,7,2026-04-24 22:45:00,2026-05-13 09:45:00
C,3,15m,donchian_atr,donchian_atr|both|15m|w3|sw0.006|br0.0015|lb32|sl0.015|mh32|cd4|atr14|am2|ex12|mom48|vol48|th0.4|strict,9435.499560499522,178.04699999999997,-97.06500000000051,5,-94.667,-119.32699999999932,0.0,2,2026-05-13 10:00:00,2026-05-25 23:00:00
C,4,15m,donchian_atr,donchian_atr|both|15m|w3|sw0.006|br0.003|lb16|sl0.015|mh32|cd4|atr14|am3|ex12|mom48|vol48|th0.4|strict,16821.2265,312.922,-94.70499999999993,3,-72.31700000000001,-252.31700000000092,0.0,1,2026-05-26 09:15:00,2026-06-05 23:00:00
RB,1,60m,quality_tsmom,quality_tsmom|both|60m|w3|sw0.006|br0.002|lb24|sl0.015|mh64|cd4|atr14|am2|ex12|mom24|vol24|th0.4|tq0.3|strict,13964.256499999998,414.68,-492.3150000000023,5,-758.5950000000001,-911.7669999999998,0.3333333333333333,6,2025-11-10 11:15:00,2025-12-26 10:00:00
RB,2,60m,tsmom_vol,tsmom_vol|both|60m|w3|sw0.006|br0.002|lb24|sl0.015|mh64|cd4|atr14|am3|ex12|mom24|vol24|th0.4|strict,7349.71912554568,677.4060000000002,-1056.8619999999992,17,-78.19100000000003,-1293.4560000000001,0.3333333333333333,9,2025-12-26 11:15:00,2026-02-24 22:00:00
RB,3,60m,vol_breakout,vol_breakout|both|60m|w3|sw0.006|br0.003|lb16|sl0.015|mh32|cd4|atr14|am3|ex16|mom48|vol48|th0.9|strict,7523.798433626384,-239.404,-805.625,3,0.0,0.0,0.0,0,2026-02-24 23:00:00,2026-04-15 10:00:00
RB,4,60m,vol_breakout,vol_breakout|both|60m|w3|sw0.006|br0.003|lb16|sl0.015|mh32|cd4|atr14|am3|ex16|mom48|vol48|th0.9|strict,3883.1624741849723,-632.499,-1211.853,4,-543.165,-563.165,0.0,1,2026-04-15 11:15:00,2026-06-05 23:00:00
RB,1,30m,tsmom_vol,tsmom_vol|both|30m|w3|sw0.006|br0.002|lb24|sl0.015|mh64|cd4|atr14|am3|ex12|mom48|vol48|th0.4|strict,14464.6878,1134.676,-336.27800000000025,5,168.224,-566.228000000001,0.5714285714285714,7,2026-02-25 10:00:00,2026-03-20 09:30:00
RB,2,30m,tsmom_vol,tsmom_vol|both|30m|w3|sw0.006|br0.002|lb24|sl0.015|mh64|cd4|atr14|am3|ex12|mom48|vol48|th0.8|strict,16881.133299999998,1281.4769999999999,-566.228000000001,6,-529.354,-665.5330000000013,0.0,3,2026-03-20 10:00:00,2026-04-15 13:45:00
RB,3,30m,tsmom_vol,tsmom_vol|both|30m|w3|sw0.006|br0.002|lb24|sl0.015|mh64|cd4|atr14|am3|ex12|mom48|vol48|th0.8|strict,10091.105145051893,752.1229999999998,-801.8019999999997,9,363.54499999999996,-313.2639999999992,1.0,2,2026-04-15 14:15:00,2026-05-13 21:30:00
RB,4,30m,tsmom_vol,tsmom_vol|both|30m|w3|sw0.006|br0.002|lb24|sl0.015|mh64|cd4|atr14|am3|ex12|mom48|vol48|th0.8|strict,12706.620239395565,1552.5209999999997,-864.9200000000001,12,-905.9199999999998,-1178.6150000000016,0.2,5,2026-05-13 22:00:00,2026-06-05 23:00:00
RB,1,15m,tsmom_vol,tsmom_vol|both|15m|w3|sw0.006|br0.002|lb24|sl0.015|mh64|cd4|atr14|am2|ex12|mom48|vol48|th0.8|strict,4912.371611975648,-125.52700000000002,-282.4409999999989,5,597.853,-219.38800000000083,0.8571428571428571,7,2026-04-14 09:30:00,2026-04-24 22:30:00
RB,2,15m,tsmom_vol,tsmom_vol|both|15m|w3|sw0.006|br0.002|lb24|sl0.015|mh64|cd4|atr14|am2|ex12|mom48|vol48|th0.8|strict,8379.383030712577,326.13,-473.46900000000096,14,40.533000000000015,-396.35099999999875,0.5,6,2026-04-24 22:45:00,2026-05-13 09:45:00
RB,3,15m,vol_breakout,vol_breakout|both|15m|w3|sw0.006|br0.0015|lb16|sl0.015|mh32|cd4|atr14|am3|ex16|mom48|vol48|th0.9|strict,10705.986882572286,350.41200000000003,-332.7530000000006,3,-236.397,-539.6209999999992,0.5,2,2026-05-13 10:00:00,2026-05-25 23:00:00
RB,4,15m,vol_breakout,vol_breakout|both|15m|w3|sw0.006|br0.0015|lb16|sl0.015|mh32|cd4|atr14|am3|ex16|mom48|vol48|th0.9|strict,8197.984933883958,114.01500000000004,-539.621000000001,5,0.0,0.0,0.0,0,2026-05-26 09:15:00,2026-06-05 23:00:00
SR,1,1d,quality_tsmom,quality_tsmom|both|1d|w3|sw0.006|br0.002|lb24|sl0.015|mh64|cd4|atr14|am2|ex12|mom24|vol24|th0.4|tq0.3|strict,11893.845395058292,11422.654999999999,-4266.697,18,11033.418000000001,-6042.441999999997,0.42857142857142855,14,2010-01-29 00:00:00,2014-03-11 00:00:00
SR,2,1d,tsmom_vol,tsmom_vol|both|1d|w3|sw0.006|br0.002|lb24|sl0.015|mh64|cd4|atr14|am3|ex12|mom48|vol48|th0.4|strict,21408.889265693142,32174.471999999998,-5153.946000000001,22,-825.9340000000002,-3905.6680000000006,0.3333333333333333,3,2014-03-12 00:00:00,2018-03-28 00:00:00
SR,3,1d,tsmom_vol,tsmom_vol|both|1d|w3|sw0.006|br0.002|lb24|sl0.015|mh64|cd4|atr14|am3|ex12|mom24|vol24|th0.8|strict,21857.0468,24999.132,-3491.6879999999983,18,-6916.861000000001,-8466.18,0.0,7,2018-03-29 00:00:00,2022-04-28 00:00:00
SR,4,1d,tsmom_vol,tsmom_vol|both|1d|w3|sw0.006|br0.002|lb24|sl0.015|mh64|cd4|atr14|am3|ex12|mom48|vol48|th0.4|strict,21638.047859380833,34077.764,-5330.184000000001,29,3350.1990000000005,-4385.7959999999985,0.5,16,2022-04-29 00:00:00,2026-06-05 00:00:00
FG,1,1d,vol_breakout,vol_breakout|both|1d|w3|sw0.006|br0.0015|lb16|sl0.015|mh32|cd4|atr14|am2|ex16|mom48|vol48|th0.75|strict,6245.224607138088,50.80200000000001,-1220.0,4,1134.404,-1105.406,0.5,2,2015-08-17 00:00:00,2018-04-26 00:00:00
FG,2,1d,vol_breakout,vol_breakout|both|1d|w3|sw0.006|br0.003|lb16|sl0.015|mh32|cd4|atr14|am2|ex16|mom48|vol48|th0.9|strict,5106.1077163730815,2019.4520000000005,-3387.8020000000015,19,113.5340000000001,-4502.912000000001,0.4444444444444444,9,2018-04-27 00:00:00,2021-01-05 00:00:00
FG,3,1d,vol_breakout,vol_breakout|both|1d|w3|sw0.006|br0.0015|lb16|sl0.015|mh32|cd4|atr14|am2|ex16|mom48|vol48|th0.75|strict,9223.223102444626,4533.65,-2653.370000000001,10,-1926.094,-2049.268,0.0,2,2021-01-06 00:00:00,2023-09-12 00:00:00
FG,4,1d,vol_breakout,vol_breakout|both|1d|w3|sw0.006|br0.003|lb16|sl0.015|mh64|cd4|atr14|am3|ex16|mom48|vol48|th0.9|strict,8069.243646034423,10451.449999999999,-5021.852000000001,20,2735.606,-4464.396000000001,0.5,2,2023-09-13 00:00:00,2026-06-05 00:00:00
RM,1,60m,tsmom_vol,tsmom_vol|both|60m|w3|sw0.006|br0.002|lb24|sl0.015|mh64|cd4|atr14|am2|ex12|mom48|vol48|th0.8|strict,14795.512700000001,1375.4799999999998,-574.6969999999983,6,-596.663,-892.1019999999999,0.2857142857142857,7,2025-11-10 11:15:00,2025-12-26 10:00:00
RM,2,60m,donchian_atr,donchian_atr|both|60m|w3|sw0.006|br0.0015|lb32|sl0.015|mh64|cd4|atr14|am3|ex12|mom48|vol48|th0.4|strict,11488.936706579447,1273.1519999999998,-884.8210000000008,7,438.553,-627.1149999999998,0.6,5,2025-12-26 11:15:00,2026-02-24 22:00:00
RM,3,60m,donchian_atr,donchian_atr|both|60m|w3|sw0.006|br0.003|lb32|sl0.015|mh64|cd4|atr14|am3|ex12|mom48|vol48|th0.4|strict,12032.86672644122,1976.36,-884.8210000000008,10,2250.415,-1294.8829999999998,0.5,4,2026-02-24 23:00:00,2026-04-15 10:00:00
RM,4,60m,quality_tsmom,quality_tsmom|both|60m|w3|sw0.006|br0.002|lb24|sl0.015|mh64|cd4|atr14|am3|ex12|mom24|vol24|th0.4|tq0.3|strict,13462.593324095242,5732.892000000001,-1192.5010000000002,20,-951.6850000000001,-1281.871,0.2,5,2026-04-15 11:15:00,2026-06-05 23:00:00
RM,1,30m,quality_tsmom,quality_tsmom|both|30m|w3|sw0.006|br0.002|lb24|sl0.015|mh64|cd4|atr14|am3|ex12|mom24|vol24|th0.4|tq0.3|strict,16559.4799,563.1659999999999,-524.5589999999993,3,633.068,-1089.9310000000005,0.2857142857142857,7,2026-02-25 10:00:00,2026-03-20 09:30:00
RM,2,30m,donchian_atr,donchian_atr|both|30m|w3|sw0.006|br0.0015|lb16|sl0.015|mh32|cd4|atr14|am3|ex12|mom48|vol48|th0.4|strict,9991.382801348893,2448.5879999999997,-683.8850000000002,9,1348.4789999999998,-488.97799999999916,0.8,5,2026-03-20 10:00:00,2026-04-15 13:45:00
RM,3,30m,vol_breakout,vol_breakout|both|30m|w3|sw0.006|br0.003|lb16|sl0.015|mh32|cd4|atr14|am3|ex16|mom48|vol48|th0.9|strict,17362.47,1692.94,-260.0,3,165.19700000000003,-322.3739999999998,0.5,2,2026-04-15 14:15:00,2026-05-13 21:30:00
RM,4,30m,vol_breakout,vol_breakout|both|30m|w3|sw0.006|br0.003|lb16|sl0.015|mh32|cd4|atr14|am3|ex16|mom48|vol48|th0.9|strict,14710.8934,1858.137,-464.6389999999992,5,0.0,0.0,0.0,0,2026-05-13 22:00:00,2026-06-05 23:00:00
RM,1,15m,quality_tsmom,quality_tsmom|both|15m|w3|sw0.006|br0.002|lb24|sl0.015|mh64|cd4|atr14|am3|ex12|mom24|vol24|th0.4|tq0.3|strict,8039.894459860301,-1.3599999999999852,-446.7399999999998,5,250.556,-427.16899999999987,0.75,4,2026-04-14 09:30:00,2026-04-24 22:30:00
RM,2,15m,quality_tsmom,quality_tsmom|both|15m|w3|sw0.006|br0.002|lb24|sl0.015|mh64|cd4|atr14|am3|ex12|mom24|vol24|th0.4|tq0.3|strict,9504.481066976821,249.19600000000005,-483.7540000000008,9,-421.943,-483.90600000000086,0.4,5,2026-04-24 22:45:00,2026-05-13 09:45:00
RM,3,15m,quality_tsmom,quality_tsmom|both|15m|w3|sw0.006|br0.002|lb24|sl0.015|mh64|cd4|atr14|am3|ex12|mom24|vol24|th0.4|tq0.3|strict,7665.468669685527,-25.11599999999993,-775.7950000000037,15,428.33299999999997,-184.64600000000064,0.6,5,2026-05-13 10:00:00,2026-05-25 23:00:00
RM,4,15m,donchian_atr,donchian_atr|both|15m|w3|sw0.006|br0.003|lb32|sl0.015|mh32|cd4|atr14|am3|ex12|mom48|vol48|th0.4|strict,8740.080911108078,281.48999999999995,-748.2259999999997,8,-184.56,-326.84699999999975,0.5,2,2026-05-26 09:15:00,2026-06-05 23:00:00
HC,1,60m,donchian_atr,donchian_atr|both|60m|w3|sw0.006|br0.0015|lb32|sl0.015|mh32|cd4|atr14|am3|ex12|mom48|vol48|th0.4|strict,16999.5012,1296.955,-443.3070000000007,4,-689.834,-896.3370000000023,0.0,3,2025-11-10 11:15:00,2025-12-26 10:00:00
HC,2,60m,tsmom_vol,tsmom_vol|both|60m|w3|sw0.006|br0.002|lb24|sl0.015|mh64|cd4|atr14|am3|ex12|mom24|vol48|th0.8|strict,12026.127482314503,1463.9180000000001,-926.3090000000029,11,700.209,-553.1579999999994,0.6666666666666666,3,2025-12-26 11:15:00,2026-02-24 22:00:00
HC,3,60m,tsmom_vol,tsmom_vol|both|60m|w3|sw0.006|br0.002|lb24|sl0.015|mh64|cd4|atr14|am3|ex12|mom24|vol48|th0.8|strict,9461.502303928459,1697.569,-1325.4840000000095,16,-226.51200000000006,-1019.7450000000008,0.2,5,2026-02-24 23:00:00,2026-04-15 10:00:00
HC,4,60m,tsmom_vol,tsmom_vol|both|60m|w3|sw0.006|br0.002|lb24|sl0.015|mh64|cd4|atr14|am3|ex12|mom24|vol48|th0.8|strict,7614.650455462995,1471.057,-1325.4840000000095,21,-640.4639999999999,-1473.7529999999988,0.3333333333333333,6,2026-04-15 11:15:00,2026-06-05 23:00:00
HC,1,30m,tsmom_vol,tsmom_vol|both|30m|w3|sw0.006|br0.002|lb24|sl0.015|mh64|cd4|atr14|am3|ex12|mom48|vol48|th0.8|strict,13436.4337,437.06399999999996,-382.8869999999988,4,326.83799999999997,-506.53299999999945,0.75,4,2026-02-25 10:00:00,2026-03-20 09:30:00
HC,2,30m,vol_breakout,vol_breakout|both|30m|w3|sw0.006|br0.0015|lb16|sl0.015|mh32|cd4|atr14|am3|ex16|mom48|vol48|th0.9|strict,9799.672439344507,180.26200000000003,-296.46600000000035,3,0.0,0.0,0.0,0,2026-03-20 10:00:00,2026-04-15 13:45:00
HC,3,30m,vol_breakout,vol_breakout|both|30m|w3|sw0.006|br0.0015|lb16|sl0.015|mh32|cd4|atr14|am3|ex16|mom48|vol48|th0.9|strict,10872.530845210915,186.95900000000003,-316.59699999999975,4,-293.396,-306.8200000000015,0.0,1,2026-04-15 14:15:00,2026-05-13 21:30:00
HC,4,30m,tsmom_vol,tsmom_vol|both|30m|w3|sw0.006|br0.002|lb24|sl0.015|mh64|cd4|atr14|am2|ex12|mom48|vol48|th0.8|strict,7787.522753250063,790.4319999999999,-572.6779999999981,27,-1077.198,-1380.9270000000006,0.25,8,2026-05-13 22:00:00,2026-06-05 23:00:00
HC,1,15m,quality_tsmom,quality_tsmom|both|15m|w3|sw0.006|br0.002|lb24|sl0.015|mh64|cd4|atr14|am3|ex12|mom24|vol48|th0.4|tq0.2|strict,7125.914938529287,-196.434,-316.27800000000025,5,96.53299999999996,-500.20800000000054,0.75,4,2026-04-14 09:30:00,2026-04-24 22:30:00
HC,2,15m,tsmom_vol,tsmom_vol|both|15m|w3|sw0.006|br0.002|lb24|sl0.015|mh64|cd4|atr14|am3|ex12|mom48|vol48|th0.4|strict,11217.985732267545,946.79,-422.8149999999987,10,-77.73699999999995,-778.289999999999,0.25,8,2026-04-24 22:45:00,2026-05-13 09:45:00
HC,3,15m,donchian_atr,donchian_atr|both|15m|w3|sw0.006|br0.0015|lb16|sl0.015|mh32|cd4|atr14|am2|ex12|mom48|vol48|th0.4|strict,8334.483651882225,249.33999999999997,-343.90899999999965,9,-557.1149999999999,-624.281,0.2,5,2026-05-13 10:00:00,2026-05-25 23:00:00
HC,4,15m,tsmom_vol,tsmom_vol|both|15m|w3|sw0.006|br0.002|lb24|sl0.015|mh64|cd4|atr14|am3|ex12|mom48|vol48|th0.8|strict,6144.3054899497865,462.3320000000001,-981.7089999999989,20,16.460000000000008,-313.5590000000011,0.25,4,2026-05-26 09:15:00,2026-06-05 23:00:00
RM,1,1d,tsmom_vol,tsmom_vol|both|1d|w3|sw0.006|br0.002|lb24|sl0.015|mh64|cd4|atr14|am3|ex12|mom24|vol48|th0.4|strict,11039.379609422718,11588.100000000002,-3405.225000000002,22,-2292.236999999999,-5736.525000000001,0.35714285714285715,28,2015-09-10 00:00:00,2018-05-15 00:00:00
RM,2,1d,tsmom_vol,tsmom_vol|both|1d|w3|sw0.006|br0.002|lb24|sl0.015|mh64|cd4|atr14|am3|ex12|mom24|vol48|th0.4|strict,7238.320967302786,11673.927999999996,-5736.524999999998,51,-4319.1140000000005,-12177.903,0.16,25,2018-05-16 00:00:00,2021-01-15 00:00:00
RM,3,1d,vol_breakout,vol_breakout|both|1d|w3|sw0.006|br0.003|lb16|sl0.015|mh32|cd4|atr14|am2|ex16|mom48|vol48|th0.9|strict,723.4684630596498,-176.4239999999993,-5441.809999999999,29,2338.4490000000005,-6565.169,0.2857142857142857,7,2021-01-18 00:00:00,2023-09-20 00:00:00
RM,4,1d,tsmom_vol,tsmom_vol|both|1d|w3|sw0.006|br0.002|lb24|sl0.015|mh64|cd4|atr14|am2|ex12|mom48|vol24|th0.8|strict,4126.374488487573,13016.577999999996,-9073.757999999996,74,-3227.816,-7774.277000000001,0.43478260869565216,23,2023-09-21 00:00:00,2026-06-05 00:00:00
SA,1,60m,donchian_atr,donchian_atr|both|60m|w3|sw0.006|br0.0015|lb16|sl0.015|mh64|cd4|atr14|am3|ex12|mom48|vol48|th0.4|strict,8953.480142043372,292.46600000000007,-1044.9139999999989,3,-934.132,-1324.612000000001,0.3333333333333333,6,2025-11-10 11:15:00,2025-12-26 10:00:00
SA,2,60m,donchian_atr,donchian_atr|both|60m|w3|sw0.006|br0.003|lb16|sl0.015|mh32|cd4|atr14|am3|ex12|mom48|vol48|th0.4|strict,7480.267935671488,978.2860000000001,-1494.0199999999995,9,-2432.006,-2861.728000000001,0.4,5,2025-12-26 11:15:00,2026-02-24 22:00:00
SA,3,60m,donchian_atr,donchian_atr|both|60m|w3|sw0.006|br0.0015|lb16|sl0.015|mh32|cd4|atr14|am3|ex12|mom48|vol48|th0.4|strict,10336.106546432651,2806.2980000000002,-1494.0199999999995,14,2325.414,-1387.4039999999986,0.6666666666666666,6,2026-02-24 23:00:00,2026-04-15 10:00:00
SA,4,60m,donchian_atr,donchian_atr|both|60m|w3|sw0.006|br0.0015|lb16|sl0.015|mh32|cd4|atr14|am3|ex12|mom48|vol48|th0.4|strict,11687.724474049171,5131.7119999999995,-1494.0199999999995,20,525.4579999999999,-1009.9099999999999,0.5,6,2026-04-15 11:15:00,2026-06-05 23:00:00
RB,1,1d,tsmom_vol,tsmom_vol|both|1d|w3|sw0.006|br0.002|lb24|sl0.015|mh64|cd4|atr14|am3|ex12|mom24|vol48|th0.4|strict,18969.04871578947,24145.173,-4237.849,19,7625.353000000001,-3639.9100000000017,0.4666666666666667,30,2012-08-28 00:00:00,2016-02-05 00:00:00
RB,2,1d,quality_tsmom,quality_tsmom|both|1d|w3|sw0.006|br0.002|lb24|sl0.015|mh64|cd4|atr14|am3|ex12|mom24|vol24|th0.4|tq0.2|strict,22174.20086738348,32436.932,-4558.688000000006,39,-979.8910000000001,-2260.0,0.3333333333333333,3,2016-02-15 00:00:00,2019-07-12 00:00:00
RB,3,1d,quality_tsmom,quality_tsmom|both|1d|w3|sw0.006|br0.002|lb24|sl0.015|mh64|cd4|atr14|am2|ex12|mom24|vol24|th0.4|tq0.2|strict,25892.908873992073,44912.8,-6007.773000000005,90,-1079.505,-8140.177,0.4090909090909091,22,2019-07-15 00:00:00,2022-12-16 00:00:00
RB,4,1d,quality_tsmom,quality_tsmom|both|1d|w3|sw0.006|br0.002|lb24|sl0.015|mh64|cd4|atr14|am3|ex12|mom24|vol24|th0.4|tq0.3|strict,26990.82110395262,40599.957,-4217.851000000002,38,5623.637000000001,-3724.539999999999,0.5454545454545454,11,2022-12-19 00:00:00,2026-06-05 00:00:00
SA,1,1d,quality_tsmom,quality_tsmom|both|1d|w3|sw0.006|br0.002|lb24|sl0.015|mh64|cd4|atr14|am2|ex12|mom24|vol48|th0.4|tq0.3|strict,14962.96975961154,7623.352,-1462.1639999999989,6,0.0,0.0,0.0,0,2021-03-25 00:00:00,2022-07-11 00:00:00
SA,2,1d,quality_tsmom,quality_tsmom|both|1d|w3|sw0.006|br0.002|lb24|sl0.015|mh64|cd4|atr14|am2|ex12|mom24|vol48|th0.4|tq0.3|strict,14962.96975961154,7623.352,-1462.1639999999989,6,0.0,0.0,0.0,0,2022-07-12 00:00:00,2023-10-26 00:00:00
SA,3,1d,quality_tsmom,quality_tsmom|both|1d|w3|sw0.006|br0.002|lb24|sl0.015|mh64|cd4|atr14|am2|ex12|mom24|vol48|th0.4|tq0.3|strict,14962.96975961154,7623.352,-1462.1639999999989,6,-1803.02,-2120.0,0.0,1,2023-10-27 00:00:00,2025-02-14 00:00:00
SA,4,1d,quality_tsmom,quality_tsmom|both|1d|w3|sw0.006|br0.002|lb24|sl0.015|mh64|cd4|atr14|am2|ex12|mom24|vol48|th0.8|tq0.3|strict,14662.819249282837,6763.352,-1282.7600000000002,6,867.7260000000001,-1811.7839999999997,0.4,5,2025-02-17 00:00:00,2026-06-05 00:00:00
SA,1,30m,tsmom_vol,tsmom_vol|both|30m|w3|sw0.006|br0.002|lb24|sl0.015|mh64|cd4|atr14|am3|ex12|mom48|vol24|th0.8|strict,9792.721053446887,352.914,-564.79,3,729.9640000000002,-1850.2339999999986,0.5,4,2026-02-25 10:00:00,2026-03-20 09:30:00
SA,2,30m,vol_breakout,vol_breakout|both|30m|w3|sw0.006|br0.0015|lb16|sl0.015|mh32|cd4|atr14|am3|ex16|mom48|vol48|th0.9|strict,7387.716957669717,-31.999999999999957,-1039.2240000000038,5,217.704,-180.0,1.0,1,2026-03-20 10:00:00,2026-04-15 13:45:00
SA,3,30m,donchian_atr,donchian_atr|both|30m|w3|sw0.006|br0.003|lb16|sl0.015|mh32|cd4|atr14|am3|ex12|mom48|vol48|th0.4|strict,7950.295995089414,1381.372,-1388.3999999999987,16,-727.478,-992.46,0.0,3,2026-04-15 14:15:00,2026-05-13 21:30:00
SA,4,30m,vol_breakout,vol_breakout|both|30m|w3|sw0.006|br0.0015|lb16|sl0.015|mh64|cd4|atr14|am3|ex16|mom48|vol48|th0.9|strict,10220.5088468791,1678.164,-1484.1200000000035,9,272.88,-849.6220000000003,0.3333333333333333,3,2026-05-13 22:00:00,2026-06-05 23:00:00
SA,1,15m,donchian_atr,donchian_atr|both|15m|w3|sw0.006|br0.0015|lb16|sl0.015|mh64|cd4|atr14|am3|ex12|mom48|vol48|th0.4|strict,17718.495,2332.99,-220.0,3,-549.958,-877.4819999999991,0.0,4,2026-04-14 09:30:00,2026-04-24 22:30:00
SA,2,15m,donchian_atr,donchian_atr|both|15m|w3|sw0.006|br0.003|lb32|sl0.015|mh32|cd4|atr14|am3|ex12|mom48|vol48|th0.4|strict,13571.526600000001,1150.5159999999998,-629.1459999999988,4,75.05000000000001,-405.0400000000009,0.5,2,2026-04-24 22:45:00,2026-05-13 09:45:00
SA,3,15m,vol_breakout,vol_breakout|both|15m|w3|sw0.006|br0.003|lb16|sl0.015|mh32|cd4|atr14|am3|ex16|mom48|vol48|th0.9|strict,9844.253200608202,272.552,-347.5000000000018,3,-402.394,-442.39400000000023,0.0,1,2026-05-13 10:00:00,2026-05-25 23:00:00
SA,4,15m,donchian_atr,donchian_atr|both|15m|w3|sw0.006|br0.003|lb32|sl0.015|mh32|cd4|atr14|am3|ex12|mom48|vol48|th0.4|strict,6183.306957629803,458.2879999999999,-862.0860000000011,9,72.834,-549.6120000000001,0.3333333333333333,3,2026-05-26 09:15:00,2026-06-05 23:00:00
C,1,1d,vol_breakout,vol_breakout|both|1d|w3|sw0.006|br0.003|lb16|sl0.015|mh32|cd4|atr14|am3|ex16|mom48|vol48|th0.9|strict,9796.619202103833,4227.719999999999,-3080.7610000000022,14,2262.8759999999997,-1624.8410000000003,0.5833333333333334,12,2009-04-13 00:00:00,2013-07-24 00:00:00
C,2,1d,donchian_atr,donchian_atr|both|1d|w3|sw0.006|br0.003|lb16|sl0.015|mh32|cd4|atr14|am3|ex12|mom48|vol48|th0.4|strict,12283.112346938538,11378.712000000001,-2590.764000000001,54,-3836.2909999999997,-6025.142,0.375,24,2013-07-25 00:00:00,2017-11-01 00:00:00
C,3,1d,donchian_atr,donchian_atr|both|1d|w3|sw0.006|br0.003|lb16|sl0.015|mh32|cd4|atr14|am3|ex12|mom48|vol48|th0.4|strict,4965.14032459179,7812.4479999999985,-7207.420000000004,78,3155.96,-3196.252000000003,0.4482758620689655,29,2017-11-02 00:00:00,2022-02-16 00:00:00
C,4,1d,donchian_atr,donchian_atr|both|1d|w3|sw0.006|br0.003|lb16|sl0.015|mh32|cd4|atr14|am3|ex12|mom48|vol48|th0.4|strict,5553.983398452023,10728.384,-7822.459000000003,107,-2234.46,-4898.086,0.3333333333333333,30,2022-02-17 00:00:00,2026-06-05 00:00:00
CS,1,60m,tsmom_vol,tsmom_vol|both|60m|w3|sw0.006|br0.002|lb24|sl0.015|mh64|cd4|atr14|am2|ex12|mom24|vol48|th0.4|strict,6769.134864517702,65.65999999999994,-589.4449999999997,10,-605.238,-1180.4569999999985,0.2,10,2025-11-10 11:15:00,2025-12-26 10:00:00
CS,2,60m,donchian_atr,donchian_atr|both|60m|w3|sw0.006|br0.0015|lb32|sl0.015|mh32|cd4|atr14|am2|ex12|mom48|vol48|th0.4|strict,7139.884334479884,255.31599999999997,-499.47999999999956,10,62.152000000000015,-357.97299999999814,0.3333333333333333,3,2025-12-26 11:15:00,2026-02-24 22:00:00
CS,3,60m,donchian_atr,donchian_atr|both|60m|w3|sw0.006|br0.0015|lb16|sl0.015|mh32|cd4|atr14|am2|ex12|mom48|vol48|th0.4|strict,7910.4809475479315,900.004,-916.6059999999998,20,226.25999999999996,-363.8289999999979,0.4,5,2026-02-24 23:00:00,2026-04-15 10:00:00
CS,4,60m,donchian_atr,donchian_atr|both|60m|w3|sw0.006|br0.0015|lb16|sl0.015|mh32|cd4|atr14|am2|ex12|mom48|vol48|th0.4|strict,7660.371123747745,1126.2640000000001,-916.6059999999998,25,336.428,-420.7059999999983,0.4,5,2026-04-15 11:15:00,2026-06-05 23:00:00
CS,1,30m,tsmom_vol,tsmom_vol|both|30m|w3|sw0.006|br0.002|lb24|sl0.015|mh64|cd4|atr14|am3|ex12|mom48|vol24|th0.8|strict,17373.075,1642.15,-220.0,3,49.073000000000036,-773.626000000002,0.25,4,2026-02-25 10:00:00,2026-03-20 09:30:00
CS,2,30m,donchian_atr,donchian_atr|both|30m|w3|sw0.006|br0.003|lb32|sl0.015|mh32|cd4|atr14|am3|ex12|mom48|vol48|th0.4|strict,11059.955421843551,611.8710000000001,-308.21600000000035,3,-152.761,-182.76100000000042,0.0,1,2026-03-20 10:00:00,2026-04-15 13:45:00
CS,3,30m,donchian_atr,donchian_atr|both|30m|w3|sw0.006|br0.003|lb32|sl0.015|mh32|cd4|atr14|am3|ex12|mom48|vol48|th0.4|strict,9884.30255162443,736.3090000000002,-318.33699999999953,5,-182.812,-292.8119999999999,0.0,1,2026-04-15 14:15:00,2026-05-13 21:30:00
CS,4,30m,tsmom_vol,tsmom_vol|both|30m|w3|sw0.006|br0.002|lb24|sl0.015|mh64|cd4|atr14|am3|ex12|mom48|vol24|th0.8|strict,8535.018260113939,2135.4559999999997,-1551.8890000000029,20,-80.679,-558.018,0.5,4,2026-05-13 22:00:00,2026-06-05 23:00:00
CS,1,15m,tsmom_vol,tsmom_vol|both|15m|w3|sw0.006|br0.002|lb24|sl0.015|mh64|cd4|atr14|am2|ex12|mom48|vol24|th0.8|strict,8099.190560842524,178.92399999999998,-165.4940000000006,4,213.24599999999998,-381.27900000000045,0.6666666666666666,6,2026-04-14 09:30:00,2026-04-24 22:30:00
CS,2,15m,donchian_atr,donchian_atr|both|15m|w3|sw0.006|br0.0015|lb32|sl0.015|mh64|cd4|atr14|am3|ex12|mom48|vol48|th0.4|strict,9546.06350499165,618.8209999999999,-261.0610000000015,4,627.293,-100.0,1.0,1,2026-04-24 22:45:00,2026-05-13 09:45:00
CS,3,15m,donchian_atr,donchian_atr|both|15m|w3|sw0.006|br0.0015|lb32|sl0.015|mh64|cd4|atr14|am3|ex12|mom48|vol48|th0.4|strict,12043.1026,1256.115,-261.0610000000015,5,-165.321,-255.3189999999995,0.0,2,2026-05-13 10:00:00,2026-05-25 23:00:00
CS,4,15m,donchian_atr,donchian_atr|both|15m|w3|sw0.006|br0.0015|lb32|sl0.015|mh64|cd4|atr14|am3|ex12|mom48|vol48|th0.4|strict,8927.605294872425,1090.794,-261.0610000000015,7,-132.683,-342.6829999999991,0.0,1,2026-05-26 09:15:00,2026-06-05 23:00:00
HC,1,1d,tsmom_vol,tsmom_vol|both|1d|w3|sw0.006|br0.002|lb24|sl0.015|mh64|cd4|atr14|am2|ex12|mom48|vol48|th0.8|strict,18272.172133333333,15787.864000000001,-3144.5480000000007,18,10555.195,-1807.6899999999996,0.75,4,2016-08-17 00:00:00,2019-01-22 00:00:00
HC,2,1d,tsmom_vol,tsmom_vol|both|1d|w3|sw0.006|br0.002|lb24|sl0.015|mh64|cd4|atr14|am2|ex12|mom48|vol48|th0.8|strict,22654.2547173913,26850.037,-4044.8100000000013,23,2790.001,-4348.0289999999995,0.6363636363636364,11,2019-01-23 00:00:00,2021-07-07 00:00:00
HC,3,1d,tsmom_vol,tsmom_vol|both|1d|w3|sw0.006|br0.002|lb24|sl0.015|mh64|cd4|atr14|am2|ex12|mom24|vol24|th0.4|strict,24009.31757840254,40256.929000000004,-5450.805,68,-284.5479999999999,-3951.504,0.42857142857142855,14,2021-07-08 00:00:00,2023-12-15 00:00:00
HC,4,1d,tsmom_vol,tsmom_vol|both|1d|w3|sw0.006|br0.002|lb24|sl0.015|mh64|cd4|atr14|am2|ex12|mom24|vol24|th0.4|strict,23332.919855533284,39972.38100000001,-5450.805,82,4696.011,-4818.363000000001,0.36666666666666664,30,2023-12-18 00:00:00,2026-06-05 00:00:00
CS,1,1d,tsmom_vol,tsmom_vol|both|1d|w3|sw0.006|br0.002|lb24|sl0.015|mh64|cd4|atr14|am3|ex12|mom24|vol48|th0.4|strict,11596.5744,8539.189000000002,-3386.689000000002,14,-719.2060000000001,-3440.004,0.37037037037037035,27,2017-04-07 00:00:00,2019-07-17 00:00:00
CS,2,1d,vol_breakout,vol_breakout|both|1d|w3|sw0.006|br0.003|lb16|sl0.015|mh64|cd4|atr14|am3|ex16|mom48|vol48|th0.75|strict,7984.857227866607,3737.1830000000004,-2816.2219999999998,6,0.0,0.0,0.0,0,2019-07-18 00:00:00,2021-11-02 00:00:00
CS,3,1d,tsmom_vol,tsmom_vol|both|1d|w3|sw0.006|br0.002|lb24|sl0.015|mh64|cd4|atr14|am3|ex12|mom48|vol48|th0.8|strict,7824.687505992537,10640.771,-5890.957999999997,38,-8582.122000000001,-9495.073,0.14285714285714285,14,2021-11-03 00:00:00,2024-02-19 00:00:00
CS,4,1d,vol_breakout,vol_breakout|both|1d|w3|sw0.006|br0.003|lb16|sl0.015|mh64|cd4|atr14|am3|ex16|mom48|vol48|th0.75|strict,6541.912996723486,3644.0860000000002,-3176.3449999999993,7,0.0,0.0,0.0,0,2024-02-20 00:00:00,2026-06-05 00:00:00
